Date,Open,High,Low,Close,Volume,Dividends,Stock Splits
2016-12-05,19.88,20.23,19.74,19.94,2335300,0.0,0
2016-12-06,20.05,20.27,20.0,20.24,1508000,0.0,0
2016-12-07,20.47,21.23,20.46,21.1,2799300,0.0,0
2016-12-08,21.14,21.29,20.77,21.12,3100200,0.0,0
2016-12-09,21.06,21.41,20.96,21.16,2451700,0.0,0
2016-12-12,21.19,21.53,20.96,21.49,2146200,0.0,0
2016-12-13,21.56,21.84,21.41,21.46,2399300,0.0,0
2016-12-14,21.42,21.49,20.49,20.56,2373300,0.0,0
2016-12-15,20.55,20.91,20.41,20.61,1964800,0.0,0
2016-12-16,20.62,20.88,20.57,20.67,3383300,0.0,0
2016-12-19,20.66,21.07,20.66,21.06,1316700,0.0,0
2016-12-20,21.03,21.27,21.01,21.24,1031700,0.0,0
2016-12-21,21.2,21.58,21.02,21.46,1879400,0.0,0
2016-12-22,21.44,21.44,20.36,20.38,2296500,0.0,0
2016-12-23,20.79,21.15,20.59,20.66,1977600,0.0,0
2016-12-27,20.66,21.14,20.66,21.1,1596100,0.0,0
2016-12-28,20.97,21.1,20.4,20.55,1716100,0.0,0
2016-12-29,20.53,20.95,20.53,20.61,1714800,0.0,0
2016-12-30,20.67,20.94,20.51,20.54,1747800,0.0,0
2017-01-03,20.69,20.71,20.35,20.63,1941400,0.0,0
2017-01-04,20.8,21.18,20.8,21.08,2244300,0.0,0
2017-01-05,20.79,20.79,20.25,20.33,3037700,0.0,0
2017-01-06,20.45,20.47,19.92,19.94,2333600,0.0,0
2017-01-09,20.01,20.05,19.79,19.92,1646700,0.0,0
2017-01-10,19.94,20.41,19.88,20.04,2243100,0.0,0
2017-01-11,20.12,20.44,19.92,20.01,2543400,0.0,0
2017-01-12,20.01,20.28,19.99,20.1,2643200,0.0,0
2017-01-13,18.13,18.86,18.11,18.48,14823900,0.0,0
2017-01-17,18.49,19.31,18.44,18.98,4983400,0.0,0
2017-01-18,18.95,19.21,18.62,19.1,2180900,0.0,0
2017-01-19,19.14,19.27,18.85,18.96,2002400,0.0,0
2017-01-20,19.08,19.22,18.97,19.18,2566100,0.0,0
2017-01-23,19.25,19.52,19.07,19.46,2186300,0.0,0
2017-01-24,19.47,19.64,19.29,19.41,2850600,0.0,0
2017-01-25,19.52,19.7,19.46,19.66,1887700,0.0,0
2017-01-26,19.72,20.08,19.62,19.7,3160300,0.0,0
2017-01-27,19.75,19.92,19.49,19.77,2669400,0.0,0
2017-01-30,19.62,19.7,19.4,19.66,1731300,0.0,0
2017-01-31,19.5,19.96,19.4,19.92,1596900,0.0,0
2017-02-01,19.92,20.04,19.58,19.76,1752900,0.0,0
2017-02-02,19.83,19.99,19.74,19.83,1651800,0.0,0
2017-02-03,19.8,20.25,19.75,20.12,2242700,0.0,0
2017-02-06,20.12,20.29,19.94,20.07,1704600,0.0,0
2017-02-07,20.09,20.33,19.93,20.03,2179600,0.0,0
2017-02-08,20.0,20.22,19.96,20.16,1388400,0.0,0
2017-02-09,20.16,20.66,20.13,20.65,1488300,0.0,0
2017-02-10,20.75,20.94,20.57,20.87,1521000,0.0,0
2017-02-13,20.94,21.02,20.57,20.63,1470800,0.0,0
2017-02-14,20.55,21.04,20.53,20.93,1542700,0.0,0
2017-02-15,20.94,21.21,20.77,20.97,2146700,0.0,0
2017-02-16,20.9,21.05,20.57,20.67,1795800,0.0,0
2017-02-17,20.63,20.83,20.57,20.79,1241700,0.0,0
2017-02-21,21.01,21.35,20.94,21.32,2720300,0.0,0
2017-02-22,21.31,21.39,21.16,21.36,1377700,0.0,0
2017-02-23,21.4,21.42,20.75,20.79,2462200,0.0,0
2017-02-24,20.78,21.55,20.7,21.37,1991700,0.0,0
2017-02-27,21.31,21.7,20.88,21.57,2301300,0.0,0
2017-02-28,21.41,21.41,19.17,19.88,7757900,0.0,0
2017-03-01,19.98,20.27,19.75,19.91,3341500,0.0,0
2017-03-02,19.9,20.41,19.88,20.31,2475400,0.0,0
2017-03-03,20.38,20.59,20.34,20.56,1827900,0.0,0
2017-03-06,20.56,20.57,20.1,20.26,2275600,0.0,0
2017-03-07,20.16,20.23,19.86,20.06,2314600,0.0,0
2017-03-08,20.13,20.47,20.01,20.33,2380400,0.0,0
2017-03-09,20.33,20.53,20.18,20.33,2398700,0.0,0
2017-03-10,20.4,20.89,20.34,20.79,3049400,0.38,0
2017-03-13,20.45,20.48,19.91,19.98,3940100,0.0,0
2017-03-14,19.97,20.35,19.82,20.28,1849800,0.0,0
2017-03-15,20.36,20.46,20.07,20.37,2896500,0.0,0
2017-03-16,20.31,20.31,19.85,20.03,3133500,0.0,0
2017-03-17,20.06,20.37,19.98,20.35,5429100,0.0,0
2017-03-20,20.36,20.51,19.62,19.72,4116200,0.0,0
2017-03-21,19.84,19.93,19.33,19.83,2850500,0.0,0
2017-03-22,19.84,19.91,19.62,19.89,2042000,0.0,0
2017-03-23,19.94,20.18,19.65,19.79,4662200,0.0,0
2017-03-24,17.65,17.8,17.06,17.09,15944600,0.0,0
2017-03-27,16.79,17.42,16.71,17.22,6962300,0.0,0
2017-03-28,17.24,17.99,17.12,17.94,4278600,0.0,0
2017-03-29,17.99,18.28,17.81,18.13,3258300,0.0,0
2017-03-30,18.08,18.57,18.05,18.55,2222000,0.0,0
2017-03-31,18.55,18.78,18.47,18.62,2934200,0.0,0
2017-04-03,18.6,18.68,18.1,18.17,2709100,0.0,0
2017-04-04,18.12,18.34,17.95,18.15,2237000,0.0,0
2017-04-05,18.32,18.41,17.95,17.97,2168900,0.0,0
2017-04-06,18.13,18.31,17.95,18.04,3296200,0.0,0
2017-04-07,18.02,18.18,17.82,17.89,3754500,0.0,0
2017-04-10,17.84,18.27,17.8,18.07,2345300,0.0,0
2017-04-11,18.0,18.29,17.9,18.26,2718400,0.0,0
2017-04-12,18.32,18.32,18.06,18.23,1883100,0.0,0
2017-04-13,18.22,18.53,18.15,18.48,3663600,0.0,0
2017-04-17,18.54,18.95,18.5,18.9,3554500,0.0,0
2017-04-18,18.86,18.98,18.67,18.86,1986300,0.0,0
2017-04-19,18.93,19.1,18.79,18.81,1680500,0.0,0
2017-04-20,18.95,19.35,18.95,19.15,1906600,0.0,0
2017-04-21,19.19,19.22,18.94,19.15,1766200,0.0,0
2017-04-24,19.32,19.4,18.96,19.17,2716400,0.0,0
2017-04-25,19.26,19.4,19.08,19.32,1441700,0.0,0
2017-04-26,19.34,19.8,19.25,19.53,2211600,0.0,0
2017-04-27,19.55,19.58,19.03,19.08,2970300,0.0,0
2017-04-28,19.07,19.07,18.56,18.74,3104300,0.0,0
2017-05-01,18.8,19.19,18.63,18.81,2744800,0.0,0
2017-05-02,18.85,19.45,18.78,19.36,1788200,0.0,0
2017-05-03,19.37,19.82,19.31,19.79,3127300,0.0,0
2017-05-04,19.8,19.93,19.43,19.46,1464000,0.0,0
2017-05-05,19.57,19.83,19.47,19.82,1170600,0.0,0
2017-05-08,19.82,20.21,19.69,20.13,2215700,0.0,0
2017-05-09,20.09,20.43,19.89,20.22,1950000,0.0,0
2017-05-10,20.26,20.75,20.18,20.6,2409300,0.0,0
2017-05-11,20.74,20.9,20.02,20.11,3047700,0.0,0
2017-05-12,20.05,20.11,19.64,19.84,1820300,0.0,0
2017-05-15,19.93,20.38,19.9,20.12,2139400,0.0,0
2017-05-16,20.09,20.24,19.74,20.21,2034700,0.0,0
2017-05-17,20.21,20.21,19.61,19.69,2207700,0.0,0
2017-05-18,19.77,19.86,19.42,19.64,1748200,0.0,0
2017-05-19,19.65,20.07,19.47,20.0,2669600,0.0,0
2017-05-22,20.11,20.31,19.85,19.86,2455900,0.0,0
2017-05-23,20.12,20.12,18.69,18.71,5634800,0.0,0
2017-05-24,18.67,18.89,18.52,18.75,2448100,0.0,0
2017-05-25,19.49,19.55,18.77,19.51,7738500,0.0,0
2017-05-26,18.27,18.51,17.55,18.35,14212000,0.0,0
2017-05-30,18.32,18.94,18.31,18.64,5679900,0.0,0
2017-05-31,18.7,18.75,18.08,18.28,5406500,0.0,0
2017-06-01,18.29,18.96,18.26,18.81,3691000,0.0,0
2017-06-02,18.77,18.81,18.46,18.72,2350500,0.0,0
2017-06-05,18.69,18.96,18.44,18.88,1955700,0.38,0
2017-06-06,18.69,18.78,18.38,18.39,3105400,0.0,0
2017-06-07,18.44,18.65,18.33,18.51,2154800,0.0,0
2017-06-08,18.6,18.84,17.91,17.95,3618800,0.0,0
2017-06-09,17.91,18.55,17.89,18.49,2955700,0.0,0
2017-06-12,18.43,18.6,18.13,18.23,3281900,0.0,0
2017-06-13,18.29,18.62,18.12,18.46,1918400,0.0,0
2017-06-14,18.44,18.44,17.85,18.17,2481100,0.0,0
2017-06-15,18.07,18.18,17.75,17.82,2321100,0.0,0
2017-06-16,17.74,17.78,17.22,17.29,3683000,0.0,0
2017-06-19,17.34,17.61,17.09,17.47,2133400,0.0,0
2017-06-20,17.4,17.45,17.19,17.33,1796200,0.0,0
2017-06-21,17.35,17.6,17.04,17.18,2194200,0.0,0
2017-06-22,17.21,17.46,17.17,17.25,4211400,0.0,0
2017-06-23,17.19,17.35,17.02,17.34,1747800,0.0,0
2017-06-26,17.36,17.78,17.35,17.75,2307200,0.0,0
2017-06-27,17.7,18.06,17.67,17.96,1747200,0.0,0
2017-06-28,18.06,18.28,18.0,18.07,3161400,0.0,0
2017-06-29,18.11,18.29,17.87,18.15,1733200,0.0,0
2017-06-30,18.27,18.31,17.96,18.15,1151100,0.0,0
2017-07-03,18.28,18.48,18.11,18.14,1409400,0.0,0
2017-07-05,18.11,18.23,17.96,18.07,2684200,0.0,0
2017-07-06,17.95,18.09,17.7,17.74,1508300,0.0,0
2017-07-07,17.76,17.87,17.52,17.56,1855900,0.0,0
2017-07-10,17.54,17.65,17.46,17.54,1646500,0.0,0
2017-07-11,17.6,17.7,17.48,17.6,1167700,0.0,0
2017-07-12,17.76,17.86,17.62,17.63,1087000,0.0,0
2017-07-13,17.84,18.0,17.67,17.77,1749400,0.0,0
2017-07-14,17.85,17.91,17.61,17.65,1229900,0.0,0
2017-07-17,17.66,18.12,17.62,17.87,1729300,0.0,0
2017-07-18,17.96,17.96,17.62,17.71,1103200,0.0,0
2017-07-19,17.76,18.03,17.69,17.93,972900,0.0,0
2017-07-20,17.89,17.92,17.72,17.72,1855700,0.0,0
2017-07-21,17.75,17.79,17.4,17.45,3575400,0.0,0
2017-07-24,17.39,17.64,17.34,17.47,1584300,0.0,0
2017-07-25,17.63,17.95,17.59,17.86,2105500,0.0,0
2017-07-26,17.87,17.91,17.6,17.67,1769900,0.0,0
2017-07-27,17.71,18.28,17.66,18.23,3838400,0.0,0
2017-07-28,18.17,18.25,17.97,18.06,1234700,0.0,0
2017-07-31,18.1,18.28,17.98,18.22,1369400,0.0,0
2017-08-01,18.22,18.22,17.75,17.94,3059100,0.0,0
2017-08-02,17.91,18.16,17.86,17.96,1116100,0.0,0
2017-08-03,17.91,18.33,17.91,18.19,1047900,0.0,0
2017-08-04,18.29,18.57,18.22,18.42,1136100,0.0,0
2017-08-07,18.43,18.7,18.33,18.62,1277600,0.0,0
2017-08-08,18.64,18.79,18.39,18.43,1422500,0.0,0
2017-08-09,18.27,18.58,18.16,18.54,1503500,0.0,0
2017-08-10,18.4,18.4,18.02,18.03,1521300,0.0,0
2017-08-11,17.84,18.33,17.7,18.28,1619300,0.0,0
2017-08-14,18.44,18.47,18.24,18.35,1533900,0.0,0
2017-08-15,18.23,18.28,17.45,17.58,3888400,0.0,0
2017-08-16,17.74,18.05,17.7,17.96,2439400,0.0,0
2017-08-17,17.95,18.19,17.64,17.72,1939600,0.0,0
2017-08-18,17.68,17.91,17.61,17.82,2123500,0.0,0
2017-08-21,17.77,17.94,17.61,17.62,1633100,0.0,0
2017-08-22,17.74,18.22,17.71,18.17,2473800,0.0,0
2017-08-23,18.13,18.33,17.81,18.04,2432900,0.0,0
2017-08-24,18.27,18.58,18.18,18.29,4234600,0.0,0
2017-08-25,16.71,16.75,15.72,16.29,20500700,0.0,0
2017-08-28,16.3,16.55,15.92,16.08,5228400,0.0,0
2017-08-29,15.9,16.02,15.66,15.75,4667700,0.0,0
2017-08-30,15.75,15.93,15.69,15.78,2210100,0.0,0
2017-08-31,15.81,15.85,15.51,15.54,2629600,0.0,0
2017-09-01,15.62,15.86,15.62,15.68,2344300,0.0,0
2017-09-05,15.7,15.92,15.59,15.91,2646000,0.0,0
2017-09-06,15.96,16.25,15.95,16.24,2920800,0.0,0
2017-09-07,16.29,16.57,16.11,16.15,2803000,0.38,0
2017-09-08,16.15,16.44,16.05,16.41,2219200,0.0,0
2017-09-11,16.46,16.66,16.39,16.45,2204600,0.0,0
2017-09-12,16.5,17.08,16.46,16.73,3347000,0.0,0
2017-09-13,16.79,17.17,16.75,17.15,1755900,0.0,0
2017-09-14,17.19,17.39,17.04,17.2,1921700,0.0,0
2017-09-15,17.19,17.51,17.13,17.38,2505400,0.0,0
2017-09-18,17.47,17.67,17.22,17.28,2095900,0.0,0
2017-09-19,17.28,17.36,17.07,17.3,1360300,0.0,0
2017-09-20,17.25,17.29,17.14,17.22,1215000,0.0,0
2017-09-21,17.13,17.3,17.02,17.04,1415500,0.0,0
2017-09-22,17.02,17.17,17.01,17.14,1000900,0.0,0
2017-09-25,17.16,17.54,17.14,17.51,1158800,0.0,0
2017-09-26,17.61,17.79,17.43,17.69,2130100,0.0,0
2017-09-27,17.8,17.96,17.56,17.86,2048400,0.0,0
2017-09-28,17.83,17.93,17.66,17.81,1720900,0.0,0
2017-09-29,17.82,17.86,17.58,17.7,1565700,0.0,0
2017-10-02,17.69,17.72,17.43,17.54,1559700,0.0,0
2017-10-03,17.56,17.57,17.21,17.31,1390300,0.0,0
2017-10-04,17.21,17.38,17.16,17.35,1183800,0.0,0
2017-10-05,17.39,17.59,17.32,17.58,1146000,0.0,0
2017-10-06,17.49,17.55,17.15,17.15,1651800,0.0,0
2017-10-09,17.19,17.35,17.13,17.26,1799900,0.0,0
2017-10-10,17.3,17.38,17.09,17.33,1763300,0.0,0
2017-10-11,17.32,17.32,16.67,16.78,2309000,0.0,0
2017-10-12,16.78,16.87,16.55,16.71,1775800,0.0,0
2017-10-13,16.83,16.94,16.71,16.89,1092900,0.0,0
2017-10-16,16.87,16.88,16.45,16.63,1514700,0.0,0
2017-10-17,16.67,16.88,16.58,16.84,1251100,0.0,0
2017-10-18,16.89,17.21,16.81,17.18,1912200,0.0,0
2017-10-19,17.14,17.26,17.07,17.18,1271600,0.0,0
2017-10-20,17.25,17.41,17.17,17.25,1690200,0.0,0
2017-10-23,17.25,17.61,17.25,17.37,1703600,0.0,0
2017-10-24,17.49,17.55,17.08,17.1,1701200,0.0,0
2017-10-25,17.1,17.13,16.57,16.8,2578400,0.0,0
2017-10-26,16.75,16.91,16.51,16.71,2142100,0.0,0
2017-10-27,16.62,16.66,16.21,16.57,2230200,0.0,0
2017-10-30,16.65,16.68,15.93,16.08,2252000,0.0,0
2017-10-31,16.18,16.31,15.93,16.01,2193900,0.0,0
2017-11-01,15.99,16.23,15.87,15.93,2488700,0.0,0
2017-11-02,15.93,15.93,15.61,15.86,2904600,0.0,0
2017-11-03,15.85,15.89,15.51,15.51,2020400,0.0,0
2017-11-06,15.48,15.6,15.17,15.27,3049000,0.0,0
2017-11-07,15.32,15.41,14.62,14.66,2844400,0.0,0
2017-11-08,14.71,14.81,14.55,14.74,2230400,0.0,0
2017-11-09,14.68,15.41,14.66,15.04,2862900,0.0,0
2017-11-10,14.92,14.92,13.9,14.08,5787400,0.0,0
2017-11-13,14.08,14.43,13.63,13.88,4374700,0.0,0
2017-11-14,13.79,14.03,13.58,13.87,3517800,0.0,0
2017-11-15,13.78,14.14,13.58,13.71,3821500,0.0,0
2017-11-16,13.72,14.38,13.72,13.86,4855100,0.0,0
2017-11-17,13.97,14.2,13.84,13.97,3194500,0.0,0
2017-11-20,14.05,14.1,13.73,14.08,3796700,0.0,0
2017-11-21,14.14,14.38,13.93,14.33,9352400,0.0,0
2017-11-22,15.29,16.02,14.82,14.88,20142400,0.0,0
2017-11-24,14.93,15.57,14.86,14.92,6474200,0.0,0
2017-11-27,15.07,15.58,15.07,15.57,5846800,0.0,0
2017-11-28,15.57,16.33,15.57,16.29,5883400,0.0,0
2017-11-29,16.35,16.87,16.33,16.72,6477300,0.0,0
2017-11-30,16.79,16.9,16.34,16.38,5024700,0.38,0
2017-12-01,16.36,16.74,16.15,16.4,3831900,0.0,0
2017-12-04,16.64,17.35,16.59,16.95,4361300,0.0,0
2017-12-05,17.06,17.17,16.56,16.84,3080900,0.0,0
2017-12-06,16.84,16.91,16.54,16.61,2430300,0.0,0
2017-12-07,16.59,16.73,16.26,16.28,3277300,0.0,0
2017-12-08,16.5,16.93,16.31,16.78,3142100,0.0,0
2017-12-11,16.85,16.91,16.31,16.66,3652500,0.0,0
2017-12-12,16.73,16.86,16.57,16.7,2532900,0.0,0
2017-12-13,16.69,16.74,16.26,16.31,3086600,0.0,0
2017-12-14,16.43,16.54,16.02,16.06,2818100,0.0,0
2017-12-15,16.11,16.23,15.88,16.02,3875200,0.0,0
2017-12-18,16.12,16.38,16.08,16.3,3206400,0.0,0
2017-12-19,16.34,16.43,16.05,16.07,2253700,0.0,0
2017-12-20,16.19,16.28,15.91,15.95,2304500,0.0,0
2017-12-21,15.98,16.14,15.74,16.12,2862100,0.0,0
2017-12-22,16.12,16.19,15.95,15.98,2085400,0.0,0
2017-12-26,15.98,16.76,15.96,16.17,3234200,0.0,0
2017-12-27,16.17,16.22,15.9,15.95,1837600,0.0,0
2017-12-28,15.96,15.97,15.74,15.88,1939400,0.0,0
2017-12-29,15.93,16.02,15.67,15.68,2063900,0.0,0
2018-01-02,15.69,15.98,15.53,15.95,2832700,0.0,0
2018-01-03,15.98,16.05,15.66,15.9,3789200,0.0,0
2018-01-04,15.9,16.06,15.69,16.01,2781300,0.0,0
2018-01-05,16.06,16.36,15.92,16.32,3019000,0.0,0
2018-01-08,16.43,16.95,16.43,16.8,3668400,0.0,0
2018-01-09,16.87,17.26,16.87,17.08,3662600,0.0,0
2018-01-10,16.94,17.4,16.89,17.19,4012800,0.0,0
2018-01-11,17.4,17.74,17.27,17.44,4213100,0.0,0
2018-01-12,16.16,16.2,15.4,15.52,15445800,0.0,0
2018-01-16,15.73,15.97,14.89,14.99,7852500,0.0,0
2018-01-17,15.06,15.47,15.0,15.29,4259700,0.0,0
2018-01-18,15.26,15.67,15.04,15.6,4265700,0.0,0
2018-01-19,15.63,15.88,15.51,15.84,3194000,0.0,0
2018-01-22,15.92,15.96,15.26,15.33,5234800,0.0,0
2018-01-23,15.31,15.35,15.0,15.2,3628500,0.0,0
2018-01-24,15.2,15.25,14.62,14.84,4073900,0.0,0
2018-01-25,14.84,14.89,14.51,14.71,2701800,0.0,0
2018-01-26,14.73,14.93,14.51,14.91,3348800,0.0,0
2018-01-29,14.9,15.03,14.68,14.98,3154700,0.0,0
2018-01-30,14.92,15.05,14.73,14.91,1886000,0.0,0
2018-01-31,14.98,15.09,14.59,14.69,2749200,0.0,0
2018-02-01,14.59,14.86,14.48,14.56,2937100,0.0,0
2018-02-02,14.47,14.56,14.17,14.18,3253500,0.0,0
2018-02-05,14.1,14.17,13.66,13.67,4131100,0.0,0
2018-02-06,13.42,14.31,13.19,14.1,4962200,0.0,0
2018-02-07,14.12,14.56,14.11,14.39,4413500,0.0,0
2018-02-08,14.37,14.46,13.77,13.83,4286700,0.0,0
2018-02-09,13.96,14.27,13.69,14.13,5640900,0.0,0
2018-02-12,14.23,14.27,13.65,13.8,2431800,0.0,0
2018-02-13,13.77,13.86,13.53,13.61,2463900,0.0,0
2018-02-14,13.61,14.33,13.57,14.17,3215900,0.0,0
2018-02-15,14.24,14.42,14.19,14.34,2263100,0.0,0
2018-02-16,14.43,14.83,14.2,14.33,2706100,0.0,0
2018-02-20,14.24,14.26,13.79,13.86,2489800,0.0,0
2018-02-21,13.89,14.16,13.68,13.71,3031200,0.0,0
2018-02-22,13.81,13.92,13.6,13.65,2452200,0.0,0
2018-02-23,13.8,13.97,13.69,13.95,2580300,0.0,0
2018-02-26,13.98,14.07,13.84,14.05,2771200,0.0,0
2018-02-27,14.07,14.49,13.6,13.6,4474000,0.0,0
2018-02-28,13.67,13.94,13.61,13.71,4737000,0.0,0
2018-03-01,13.8,14.18,13.77,13.95,3132500,0.0,0
2018-03-02,13.93,14.31,13.77,14.26,3553900,0.38,0
2018-03-05,14.2,14.42,14.03,14.36,4236100,0.0,0
2018-03-06,14.36,14.47,14.14,14.37,2667600,0.0,0
2018-03-07,14.19,14.47,14.18,14.27,2989400,0.0,0
2018-03-08,14.28,14.36,13.85,14.0,2974400,0.0,0
2018-03-09,14.04,14.22,13.88,14.19,3969900,0.0,0
2018-03-12,14.19,14.33,13.87,13.92,3878600,0.0,0
2018-03-13,13.99,14.33,13.94,13.97,2891500,0.0,0
2018-03-14,14.07,14.16,13.81,13.84,2518100,0.0,0
2018-03-15,13.87,13.98,13.66,13.7,1867000,0.0,0
2018-03-16,13.73,14.02,13.71,13.8,5084000,0.0,0
2018-03-19,13.64,13.79,13.21,13.25,3976100,0.0,0
2018-03-20,13.26,13.38,12.84,12.95,4284000,0.0,0
2018-03-21,12.81,12.93,12.54,12.55,4411200,0.0,0
2018-03-22,12.48,12.61,12.16,12.38,4442300,0.0,0
2018-03-23,12.46,12.48,12.07,12.08,3811400,0.0,0
2018-03-26,12.26,12.61,12.16,12.57,5015700,0.0,0
2018-03-27,12.59,12.72,12.32,12.42,4480900,0.0,0
2018-03-28,12.53,12.81,12.36,12.66,7634000,0.0,0
2018-03-29,11.32,11.64,10.92,11.29,25461800,0.0,0
2018-04-02,11.2,11.89,11.19,11.47,11130000,0.0,0
2018-04-03,11.31,11.75,11.28,11.64,5747200,0.0,0
2018-04-04,11.47,12.06,11.38,11.94,6383800,0.0,0
2018-04-05,11.95,12.2,11.88,12.14,5140600,0.0,0
2018-04-06,12.01,12.23,11.85,12.02,4238300,0.0,0
2018-04-09,12.09,12.32,12.02,12.06,5703600,0.0,0
2018-04-10,12.24,12.4,12.09,12.24,5788600,0.0,0
2018-04-11,12.19,12.51,12.17,12.39,4284000,0.0,0
2018-04-12,12.4,12.41,12.06,12.2,3114400,0.0,0
2018-04-13,12.29,12.48,12.13,12.18,3188700,0.0,0
2018-04-16,12.29,12.44,12.17,12.36,3227700,0.0,0
2018-04-17,12.43,12.69,12.39,12.48,4288900,0.0,0
2018-04-18,12.52,12.56,12.17,12.23,3573300,0.0,0
2018-04-19,12.23,12.33,12.04,12.1,2507400,0.0,0
2018-04-20,12.06,12.12,11.46,11.53,6200800,0.0,0
2018-04-23,11.55,11.95,11.55,11.81,3692900,0.0,0
2018-04-24,11.89,12.21,11.74,12.0,3613600,0.0,0
2018-04-25,11.95,12.2,11.89,12.05,3647100,0.0,0
2018-04-26,12.17,12.42,12.04,12.23,3212000,0.0,0
2018-04-27,12.24,12.45,12.17,12.4,2500600,0.0,0
2018-04-30,12.5,12.53,12.14,12.22,3151900,0.0,0
2018-05-01,12.15,12.43,12.06,12.4,2409700,0.0,0
2018-05-02,12.4,12.41,11.95,12.04,3181800,0.0,0
2018-05-03,12.01,12.07,11.46,11.48,5091400,0.0,0
2018-05-04,11.48,11.71,11.4,11.64,4903100,0.0,0
2018-05-07,11.65,11.66,11.44,11.54,3118500,0.0,0
2018-05-08,11.49,11.58,11.23,11.45,3839000,0.0,0
2018-05-09,11.47,11.6,11.29,11.57,3752900,0.0,0
2018-05-10,11.6,11.81,11.53,11.66,3118500,0.0,0
2018-05-11,11.28,11.49,11.16,11.38,5507400,0.0,0
2018-05-14,11.36,12.06,11.29,11.87,5907400,0.0,0
2018-05-15,11.86,12.18,11.84,12.09,3790200,0.0,0
2018-05-16,12.31,12.42,11.93,12.13,6738500,0.0,0
2018-05-17,12.08,12.32,12.06,12.19,2912000,0.0,0
2018-05-18,12.11,12.11,10.97,11.15,10236900,0.0,0
2018-05-21,11.21,11.54,11.18,11.44,5065700,0.0,0
2018-05-22,11.44,11.55,11.22,11.34,4542400,0.0,0
2018-05-23,11.22,11.41,11.13,11.38,3160100,0.0,0
2018-05-24,11.26,11.44,11.14,11.4,3077000,0.0,0
2018-05-25,11.42,11.46,11.26,11.34,2444000,0.0,0
2018-05-29,11.26,11.73,11.23,11.68,4240700,0.0,0
2018-05-30,11.72,12.17,11.54,12.01,4991300,0.0,0
2018-05-31,12.06,12.16,11.61,11.81,6489200,0.0,0
2018-06-01,11.46,12.28,11.45,12.28,25824000,0.0,0
2018-06-04,12.34,12.75,12.03,12.74,7296600,0.0,0
2018-06-05,12.74,13.11,12.53,13.07,5696500,0.0,0
2018-06-06,13.14,13.15,12.75,12.91,5148600,0.0,0
2018-06-07,12.98,13.11,12.86,12.97,3213500,0.0,0
2018-06-08,13.0,13.08,12.9,13.0,5031000,0.0,0
2018-06-11,13.0,13.17,12.92,13.13,4717800,0.38,0
2018-06-12,13.16,13.21,12.91,12.91,3384100,0.0,0
2018-06-13,12.84,12.84,11.99,12.25,8824100,0.0,0
2018-06-14,12.22,12.24,11.67,11.81,7532200,0.0,0
2018-06-15,11.73,13.2,11.73,12.83,13142700,0.0,0
2018-06-18,12.82,14.5,12.29,13.97,23788900,0.0,0
2018-06-19,14.11,14.48,13.88,14.47,10140600,0.0,0
2018-06-20,14.5,14.53,14.08,14.44,5164200,0.0,0
2018-06-21,14.53,14.69,14.24,14.27,3563100,0.0,0
2018-06-22,14.29,14.42,13.89,14.26,9577200,0.0,0
2018-06-25,14.16,14.45,13.73,13.89,2684700,0.0,0
2018-06-26,13.96,13.97,13.5,13.76,2697500,0.0,0
2018-06-27,13.79,13.94,13.4,13.42,2255700,0.0,0
2018-06-28,13.41,13.68,13.32,13.68,1905200,0.0,0
2018-06-29,13.78,13.85,13.34,13.39,3401100,0.0,0
2018-07-02,13.41,13.51,12.89,13.01,3723300,0.0,0
2018-07-03,13.02,13.15,12.87,12.91,1289300,0.0,0
2018-07-05,12.94,13.51,12.9,13.45,4721800,0.0,0
2018-07-06,13.48,14.0,13.45,13.92,4051100,0.0,0
2018-07-09,14.31,14.36,13.94,14.22,3919500,0.0,0
2018-07-10,14.27,14.28,13.61,13.66,2916700,0.0,0
2018-07-11,13.57,13.63,13.29,13.51,2287700,0.0,0
2018-07-12,13.56,13.9,13.55,13.87,1925900,0.0,0
2018-07-13,13.78,14.21,13.78,14.04,2332200,0.0,0
2018-07-16,14.03,14.13,13.84,13.99,1806500,0.0,0
2018-07-17,13.94,14.17,13.36,13.4,3045100,0.0,0
2018-07-18,13.42,13.46,13.16,13.4,2049700,0.0,0
2018-07-19,13.4,13.81,13.33,13.71,1728400,0.0,0
2018-07-20,13.7,13.98,13.68,13.86,2147900,0.0,0
2018-07-23,13.83,13.87,13.58,13.68,1833800,0.0,0
2018-07-24,13.77,13.77,13.47,13.58,1542600,0.0,0
2018-07-25,13.5,13.51,13.1,13.34,3345000,0.0,0
2018-07-26,13.34,13.82,13.33,13.61,1689200,0.0,0
2018-07-27,13.7,13.76,13.37,13.63,1414500,0.0,0
2018-07-30,13.68,13.77,13.41,13.51,1577800,0.0,0
2018-07-31,13.53,13.54,13.24,13.24,2757500,0.0,0
2018-08-01,13.25,13.68,13.23,13.54,2079700,0.0,0
2018-08-02,13.43,13.58,13.24,13.44,2529100,0.0,0
2018-08-03,13.5,13.69,13.42,13.65,2557200,0.0,0
2018-08-06,13.68,13.77,13.55,13.66,2075000,0.0,0
2018-08-07,13.71,13.99,13.62,13.9,1953400,0.0,0
2018-08-08,13.9,14.08,13.79,14.02,2178900,0.0,0
2018-08-09,14.02,14.21,13.77,13.98,2342700,0.0,0
2018-08-10,13.95,14.34,13.88,14.08,2416400,0.0,0
2018-08-13,14.11,14.13,13.89,13.98,2100900,0.0,0
2018-08-14,14.03,14.31,13.97,14.25,1953400,0.0,0
2018-08-15,14.21,14.25,13.96,14.17,2097600,0.0,0
2018-08-16,14.28,14.3,13.99,13.99,1719700,0.0,0
2018-08-17,13.94,14.11,13.78,14.09,1633300,0.0,0
2018-08-20,14.15,14.69,14.11,14.57,3606900,0.0,0
2018-08-21,14.7,15.23,14.55,15.15,5193200,0.0,0
2018-08-22,15.2,15.87,15.17,15.61,6605600,0.0,0
2018-08-23,15.61,15.82,15.27,15.4,3583500,0.0,0
2018-08-24,15.4,15.48,14.89,15.21,4525600,0.0,0
2018-08-27,15.14,15.16,13.37,13.52,14694900,0.0,0
2018-08-28,13.52,13.56,12.87,12.89,6822000,0.0,0
2018-08-29,13.0,13.14,12.64,12.98,4099600,0.0,0
2018-08-30,12.86,12.86,12.43,12.48,3933400,0.0,0
2018-08-31,12.51,12.53,12.11,12.2,3724000,0.0,0
2018-09-04,12.1,12.96,12.02,12.91,5936000,0.0,0
2018-09-05,12.84,15.19,12.83,14.94,17471600,0.0,0
2018-09-06,14.84,14.93,13.86,14.83,6777200,0.0,0
2018-09-07,14.02,15.05,13.56,14.82,6795600,0.0,0
2018-09-10,14.85,15.03,14.59,14.7,2727700,0.0,0
2018-09-11,14.7,15.26,14.7,14.85,2791000,0.0,0
2018-09-12,14.86,15.4,14.86,15.31,3395800,0.0,0
2018-09-13,15.36,15.66,15.27,15.66,3689500,0.0,0
2018-09-14,15.6,15.62,15.14,15.43,3005400,0.0,0
2018-09-17,15.71,15.85,15.52,15.62,2232000,0.38,0
2018-09-18,15.44,15.68,15.37,15.52,1786800,0.0,0
2018-09-19,15.52,15.8,15.47,15.61,1798200,0.0,0
2018-09-20,15.61,15.81,15.47,15.51,1604100,0.0,0
2018-09-21,15.47,15.75,15.45,15.53,3040900,0.0,0
2018-09-24,15.44,15.44,14.57,14.59,3577700,0.0,0
2018-09-25,14.71,15.13,14.39,15.06,2062500,0.0,0
2018-09-26,15.18,15.18,14.61,14.66,1901300,0.0,0
2018-09-27,14.74,14.81,14.51,14.62,2024200,0.0,0
2018-09-28,14.61,14.9,14.28,14.36,2525800,0.0,0
2018-10-01,14.37,14.61,14.09,14.37,4059800,0.0,0
2018-10-02,14.26,14.4,13.95,13.98,2878200,0.0,0
2018-10-03,14.1,14.26,13.87,14.03,2013600,0.0,0
2018-10-04,14.08,14.22,13.84,13.94,1521600,0.0,0
2018-10-05,13.94,14.04,13.71,13.8,2323700,0.0,0
2018-10-08,13.83,14.28,13.79,14.09,2260100,0.0,0
2018-10-09,14.04,14.53,13.82,13.88,2405700,0.0,0
2018-10-10,13.93,14.26,13.93,13.94,1962600,0.0,0
2018-10-11,13.91,14.2,13.78,13.79,2096000,0.0,0
2018-10-12,14.01,14.25,13.82,13.92,1927600,0.0,0
2018-10-15,13.93,14.17,13.9,13.99,1500100,0.0,0
2018-10-16,14.08,14.39,13.9,14.38,2040200,0.0,0
2018-10-17,14.38,14.56,13.9,14.41,1997900,0.0,0
2018-10-18,14.39,14.5,14.01,14.16,1478600,0.0,0
2018-10-19,13.98,14.1,13.61,13.85,3106000,0.0,0
2018-10-22,13.94,14.31,13.81,14.22,2305500,0.0,0
2018-10-23,14.1,14.4,13.91,14.36,2395100,0.0,0
2018-10-24,14.39,14.67,14.17,14.17,2241300,0.0,0
2018-10-25,14.22,14.29,13.43,13.58,2274100,0.0,0
2018-10-26,13.57,13.57,12.83,12.89,2511100,0.0,0
2018-10-29,13.01,14.07,12.95,13.66,3168900,0.0,0
2018-10-30,13.7,14.21,13.54,13.79,2094100,0.0,0
2018-10-31,13.93,13.94,13.41,13.73,1738900,0.0,0
2018-11-01,13.74,14.43,13.73,14.43,2754300,0.0,0
2018-11-02,14.5,14.82,14.28,14.68,1665600,0.0,0
2018-11-05,14.62,14.63,14.0,14.1,1803600,0.0,0
2018-11-06,14.06,14.15,13.94,14.06,1896000,0.0,0
2018-11-07,14.1,14.15,13.78,14.01,2044300,0.0,0
2018-11-08,14.01,14.12,13.9,13.97,2139300,0.0,0
2018-11-09,13.84,13.92,13.47,13.77,1671500,0.0,0
2018-11-12,13.79,13.9,13.03,13.05,2400200,0.0,0
2018-11-13,13.07,13.33,12.96,13.05,2308200,0.0,0
2018-11-14,13.25,13.27,12.11,12.19,3436100,0.0,0
2018-11-15,12.19,12.46,12.01,12.35,3029900,0.0,0
2018-11-16,12.21,12.21,11.71,12.03,5716700,0.0,0
2018-11-19,12.07,12.37,12.01,12.25,3450900,0.0,0
2018-11-20,11.85,12.14,11.42,11.55,6034900,0.0,0
2018-11-21,11.73,13.63,11.58,12.89,12480800,0.0,0
2018-11-23,12.88,12.94,12.37,12.69,2691800,0.0,0
2018-11-26,13.16,13.9,13.16,13.71,5903400,0.0,0
2018-11-27,13.53,14.08,13.35,13.84,4384700,0.0,0
2018-11-28,13.84,14.17,13.84,14.11,2643700,0.0,0
2018-11-29,14.15,14.31,13.67,13.76,4209600,0.0,0
2018-11-30,12.21,13.13,12.04,12.84,11906800,0.0,0
2018-12-03,13.0,13.15,12.72,13.04,4021200,0.0,0
2018-12-04,13.16,13.27,12.64,12.69,3733900,0.0,0
2018-12-06,12.69,12.95,12.45,12.75,3197200,0.0,0
2018-12-07,12.74,13.2,12.69,12.86,3402600,0.0,0
2018-12-10,12.94,13.0,12.41,12.8,2793700,0.38,0
2018-12-11,12.91,12.96,12.43,12.53,2338200,0.0,0
2018-12-12,12.63,13.09,12.55,12.8,1817800,0.0,0
2018-12-13,12.81,12.92,12.25,12.37,2436600,0.0,0
2018-12-14,12.27,12.57,12.27,12.34,1663700,0.0,0
2018-12-17,12.24,12.67,12.14,12.23,2255700,0.0,0
2018-12-18,12.23,12.6,12.2,12.31,2594900,0.0,0
2018-12-19,12.34,12.55,12.11,12.17,2425900,0.0,0
2018-12-20,12.19,12.52,11.81,12.02,2671200,0.0,0
2018-12-21,11.98,12.26,11.38,11.57,4423000,0.0,0
2018-12-24,11.58,11.63,11.26,11.29,1328500,0.0,0
2018-12-26,11.34,11.99,11.18,11.99,2404200,0.0,0
2018-12-27,11.84,11.85,11.25,11.78,1834600,0.0,0
2018-12-28,11.81,12.08,11.62,11.88,2026300,0.0,0
2018-12-31,11.93,12.25,11.91,12.21,2790300,0.0,0
2019-01-02,12.04,12.75,12.01,12.64,2124200,0.0,0
2019-01-03,12.55,12.82,12.27,12.54,1750400,0.0,0
2019-01-04,13.57,14.79,13.25,14.74,11915700,0.0,0
2019-01-07,14.61,15.29,14.45,14.97,4718000,0.0,0
2019-01-08,14.99,15.37,14.65,15.29,3443800,0.0,0
2019-01-09,15.32,15.85,15.2,15.46,3554500,0.0,0
2019-01-10,15.22,15.47,15.01,15.44,2904800,0.0,0
2019-01-11,15.34,15.52,15.25,15.33,2419800,0.0,0
2019-01-14,15.32,15.61,15.06,15.13,3610900,0.0,0
2019-01-15,15.09,15.13,14.69,15.02,2228200,0.0,0
2019-01-16,15.06,15.37,14.88,15.17,1992600,0.0,0
2019-01-17,14.98,15.31,14.8,15.25,1743000,0.0,0
2019-01-18,15.49,16.35,15.36,15.41,8547200,0.0,0
2019-01-22,15.29,15.38,14.66,14.77,3188700,0.0,0
2019-01-23,14.81,15.06,14.63,14.97,1837000,0.0,0
2019-01-24,14.97,15.28,14.93,15.28,1282000,0.0,0
2019-01-25,15.44,15.53,15.21,15.38,1915100,0.0,0
2019-01-28,15.22,15.27,14.5,14.99,2984900,0.0,0
2019-01-29,11.98,12.09,10.75,10.91,32870300,0.0,0
2019-01-30,10.88,11.0,10.75,10.83,6151000,0.0,0
2019-01-31,10.8,11.15,10.74,10.97,6049600,0.0,0
2019-02-01,10.94,11.05,10.81,10.87,3477400,0.0,0
2019-02-04,10.87,11.1,10.64,11.0,4271500,0.0,0
2019-02-05,10.99,11.42,10.98,11.4,4271100,0.0,0
2019-02-06,11.24,11.32,11.03,11.13,3479600,0.0,0
2019-02-07,11.03,11.21,10.86,11.09,2021100,0.0,0
2019-02-08,11.02,11.11,10.94,10.98,1801200,0.0,0
2019-02-11,11.01,11.02,10.79,10.93,1918600,0.0,0
2019-02-12,10.93,11.21,10.93,11.17,2678000,0.0,0
2019-02-13,11.18,11.36,11.01,11.09,2132800,0.0,0
2019-02-14,11.0,11.05,10.87,10.96,2468500,0.0,0
2019-02-15,10.96,11.06,10.91,11.05,2211800,0.0,0
2019-02-19,11.08,11.09,10.76,10.83,3305600,0.0,0
2019-02-20,10.86,10.93,10.78,10.83,2960500,0.0,0
2019-02-21,10.86,10.92,10.65,10.67,2489200,0.0,0
2019-02-22,10.66,11.01,10.66,11.0,3249500,0.0,0
2019-02-25,11.01,11.41,11.01,11.17,3594500,0.0,0
2019-02-26,11.16,11.33,11.12,11.26,2158000,0.0,0
2019-02-27,11.28,11.54,11.24,11.29,3397300,0.0,0
2019-02-28,11.31,11.47,11.21,11.32,2820200,0.0,0
2019-03-01,11.49,11.62,11.36,11.36,1901200,0.0,0
2019-03-04,11.4,11.46,11.09,11.19,2228600,0.0,0
2019-03-05,11.68,11.7,10.99,11.22,5537900,0.0,0
2019-03-06,11.28,11.48,11.18,11.18,3312900,0.0,0
2019-03-07,11.18,11.28,11.06,11.21,1811400,0.0,0
2019-03-08,10.71,10.85,10.4,10.61,6171600,0.0,0
2019-03-11,10.62,10.91,10.53,10.89,2703600,0.0,0
2019-03-12,10.91,11.17,10.86,11.09,2164900,0.0,0
2019-03-13,11.16,11.26,11.09,11.2,2191600,0.0,0
2019-03-14,11.31,11.34,10.9,10.95,2839600,0.38,0
2019-03-15,10.99,11.12,10.9,11.06,3537400,0.0,0
2019-03-18,11.09,11.17,10.98,11.07,2451200,0.0,0
2019-03-19,11.07,11.24,10.9,10.96,3089900,0.0,0
2019-03-20,10.96,10.96,10.4,10.5,4103900,0.0,0
2019-03-21,10.47,10.73,10.35,10.55,3205300,0.0,0
2019-03-22,10.65,10.66,10.44,10.45,3289000,0.0,0
2019-03-25,10.46,10.49,10.07,10.14,4486200,0.0,0
2019-03-26,10.11,10.44,10.09,10.35,3535100,0.0,0
2019-03-27,10.37,10.54,10.25,10.29,2606200,0.0,0
2019-03-28,10.36,10.49,10.07,10.19,3122300,0.0,0
2019-03-29,10.21,10.36,10.15,10.16,2919000,0.0,0
2019-04-01,10.29,10.42,10.04,10.37,4415700,0.0,0
2019-04-02,10.37,10.41,10.09,10.1,8670200,0.0,0
2019-04-03,8.86,10.03,8.82,9.63,26597900,0.0,0
2019-04-04,9.74,10.06,9.65,10.03,7917800,0.0,0
2019-04-05,9.96,10.01,9.79,9.86,5743600,0.0,0
2019-04-08,9.79,10.08,9.73,9.94,4551000,0.0,0
2019-04-09,9.85,10.0,9.81,9.82,2978500,0.0,0
2019-04-10,9.88,10.01,9.88,9.97,2807200,0.0,0
2019-04-11,9.98,9.98,9.74,9.76,2545200,0.0,0
2019-04-12,9.79,9.83,9.29,9.32,4778500,0.0,0
2019-04-15,9.27,9.35,8.81,8.94,5527400,0.0,0
2019-04-16,9.0,9.15,8.95,9.08,4720000,0.0,0
2019-04-17,9.11,9.12,8.75,8.94,3921100,0.0,0
2019-04-18,8.86,9.03,8.74,8.77,3814200,0.0,0
2019-04-22,8.75,8.82,8.53,8.65,6278700,0.0,0
2019-04-23,8.64,8.97,8.64,8.89,4452300,0.0,0
2019-04-24,8.9,9.06,8.89,9.01,4106100,0.0,0
2019-04-25,8.99,9.0,8.72,8.95,2627000,0.0,0
2019-04-26,8.93,9.03,8.88,8.89,2306800,0.0,0
2019-04-29,8.89,8.9,8.71,8.76,2548100,0.0,0
2019-04-30,8.8,8.85,8.65,8.65,3207700,0.0,0
2019-05-01,8.66,8.79,8.47,8.51,3538900,0.0,0
2019-05-02,8.51,8.83,8.51,8.77,3116900,0.0,0
2019-05-03,8.81,8.99,8.77,8.97,2179600,0.0,0
2019-05-06,8.85,8.92,8.66,8.85,2406200,0.0,0
2019-05-07,8.77,8.92,8.69,8.77,2591600,0.0,0
2019-05-08,8.75,8.85,8.65,8.69,2062400,0.0,0
2019-05-09,8.6,8.65,8.48,8.52,2339500,0.0,0
2019-05-10,8.52,8.58,8.36,8.48,2301500,0.0,0
2019-05-13,8.33,8.37,8.17,8.26,3043200,0.0,0
2019-05-14,8.32,8.55,8.24,8.53,2612900,0.0,0
2019-05-15,8.44,8.71,8.44,8.69,2253500,0.0,0
2019-05-16,8.74,8.84,8.64,8.67,1751000,0.0,0
2019-05-17,8.54,8.78,8.54,8.61,1967300,0.0,0
2019-05-20,8.46,8.52,7.98,8.06,5043600,0.0,0
2019-05-21,8.07,8.14,7.89,8.13,5697100,0.0,0
2019-05-22,8.07,8.08,7.76,7.9,4516100,0.0,0
2019-05-23,7.84,7.86,7.67,7.7,3919500,0.0,0
2019-05-24,7.71,7.86,7.71,7.82,2542100,0.0,0
2019-05-28,7.85,7.99,7.74,7.74,2732800,0.0,0
2019-05-29,7.73,7.75,7.39,7.57,4127700,0.0,0
2019-05-30,7.57,7.7,7.53,7.6,2695200,0.0,0
2019-05-31,7.47,7.66,7.32,7.58,3983100,0.0,0
2019-06-03,7.58,7.65,7.42,7.47,5229100,0.0,0
2019-06-04,7.58,7.85,7.52,7.82,10430100,0.0,0
2019-06-05,5.49,5.59,4.71,5.04,39354200,0.0,0
2019-06-06,4.98,5.13,4.84,5.13,13558000,0.0,0
2019-06-07,5.13,5.23,4.99,5.02,10591300,0.0,0
2019-06-10,5.37,5.55,5.29,5.44,18926500,0.0,0
2019-06-11,5.53,5.85,5.49,5.72,13423800,0.0,0
2019-06-12,5.68,5.8,5.5,5.5,4914300,0.0,0
2019-06-13,5.55,5.73,5.49,5.7,5840800,0.0,0
2019-06-14,5.7,5.83,5.61,5.63,5304600,0.0,0
2019-06-17,5.63,5.81,5.6,5.7,3686500,0.0,0
2019-06-18,5.71,5.83,5.67,5.73,4070400,0.0,0
2019-06-19,5.75,5.75,5.61,5.63,2973300,0.0,0
2019-06-20,5.66,5.69,5.52,5.53,3933800,0.0,0
2019-06-21,5.52,5.52,5.31,5.42,8954300,0.0,0
2019-06-24,5.41,5.47,5.28,5.37,4823300,0.0,0
2019-06-25,5.34,5.53,5.32,5.45,3085400,0.0,0
2019-06-26,5.47,5.52,5.38,5.47,3551800,0.0,0
2019-06-27,5.46,5.59,5.43,5.54,3756000,0.0,0
2019-06-28,5.53,5.58,5.44,5.47,3896400,0.0,0
2019-07-01,5.53,5.57,5.34,5.36,4310800,0.0,0
2019-07-02,5.35,5.45,5.32,5.38,5643500,0.0,0
2019-07-03,5.41,5.43,5.27,5.31,2562100,0.0,0
2019-07-05,5.3,5.64,5.27,5.52,12894600,0.0,0
2019-07-08,5.5,5.53,5.42,5.45,6592700,0.0,0
2019-07-09,5.48,5.55,5.28,5.31,11721900,0.0,0
2019-07-10,5.35,5.37,5.17,5.18,10853300,0.0,0
2019-07-11,4.98,5.01,4.73,4.84,16778200,0.0,0
2019-07-12,4.86,4.93,4.81,4.91,4392200,0.0,0
2019-07-15,4.87,4.89,4.75,4.75,3068400,0.0,0
2019-07-16,4.76,4.81,4.63,4.63,5970000,0.0,0
2019-07-17,4.63,4.64,4.33,4.38,7643100,0.0,0
2019-07-18,4.39,4.42,4.12,4.2,8585700,0.0,0
2019-07-19,4.22,4.42,4.22,4.32,10946500,0.0,0
2019-07-22,4.33,4.4,4.12,4.14,5488700,0.0,0
2019-07-23,4.15,4.2,3.98,4.09,7703500,0.0,0
2019-07-24,4.08,4.2,4.05,4.08,6020600,0.0,0
2019-07-25,4.1,4.32,3.97,3.98,5790000,0.0,0
2019-07-26,4.0,4.08,3.96,4.01,3209000,0.0,0
2019-07-29,4.02,4.16,4.02,4.12,4327100,0.0,0
2019-07-30,4.1,4.13,3.9,4.03,5271400,0.0,0
2019-07-31,4.03,4.18,4.0,4.02,5208900,0.0,0
2019-08-01,4.02,4.06,3.78,3.84,5596500,0.0,0
2019-08-02,3.83,3.89,3.75,3.78,3594700,0.0,0
2019-08-05,3.72,3.75,3.58,3.71,5681800,0.0,0
2019-08-06,3.73,3.82,3.63,3.81,5157400,0.0,0
2019-08-07,3.74,3.85,3.66,3.81,5856100,0.0,0
2019-08-08,3.84,3.91,3.77,3.89,2306700,0.0,0
2019-08-09,3.83,3.86,3.59,3.59,3079400,0.0,0
2019-08-12,3.58,3.62,3.44,3.51,2677600,0.0,0
2019-08-13,3.48,3.76,3.47,3.47,4504500,0.0,0
2019-08-14,3.39,3.42,3.19,3.32,6081900,0.0,0
2019-08-15,3.32,3.41,3.15,3.21,5888400,0.0,0
2019-08-16,3.25,3.36,3.21,3.32,3130700,0.0,0
2019-08-19,3.37,3.47,3.34,3.38,2887500,0.0,0
2019-08-20,3.35,3.46,3.28,3.42,4260000,0.0,0
2019-08-21,3.5,3.62,3.44,3.54,5910900,0.0,0
2019-08-22,3.97,4.25,3.72,3.87,29177300,0.0,0
2019-08-23,3.84,3.9,3.56,3.65,8660900,0.0,0
2019-08-26,3.72,4.04,3.65,3.82,10319400,0.0,0
2019-08-27,3.87,3.93,3.68,3.7,5701000,0.0,0
2019-08-28,3.7,3.97,3.67,3.88,6439200,0.0,0
2019-08-29,3.93,4.29,3.75,4.23,13363500,0.0,0
2019-08-30,4.26,4.36,3.92,3.97,10634600,0.0,0
2019-09-03,3.97,4.07,3.66,3.81,9044400,0.0,0
2019-09-04,3.88,4.0,3.85,3.98,4227100,0.0,0
2019-09-05,4.08,4.24,4.07,4.23,6892000,0.0,0
2019-09-06,4.24,4.36,4.14,4.31,6701500,0.0,0
2019-09-09,4.35,4.92,4.35,4.76,14578800,0.0,0
2019-09-10,4.87,5.1,4.51,5.09,16659200,0.0,0
2019-09-11,4.19,4.95,3.97,4.59,34005000,0.0,0
2019-09-12,4.6,4.81,4.43,4.58,8908700,0.0,0
2019-09-13,4.62,4.77,4.37,4.41,7662200,0.0,0
2019-09-16,4.3,4.47,4.27,4.35,6761300,0.0,0
2019-09-17,4.3,4.34,4.13,4.33,6406000,0.0,0
2019-09-18,4.33,4.69,4.33,4.6,9796200,0.0,0
2019-09-19,4.64,4.67,4.42,4.44,7860300,0.0,0
2019-09-20,4.59,4.8,4.5,4.7,11603800,0.0,0
2019-09-23,4.68,5.2,4.61,5.02,12474000,0.0,0
2019-09-24,5.14,5.5,4.98,5.01,13097900,0.0,0
2019-09-25,5.09,5.55,5.08,5.2,12164300,0.0,0
2019-09-26,5.19,5.34,5.08,5.28,6080900,0.0,0
2019-09-27,5.25,5.45,5.22,5.34,5548500,0.0,0
2019-09-30,5.43,5.64,5.4,5.52,8919800,0.0,0
2019-10-01,5.64,5.82,5.49,5.58,6592400,0.0,0
2019-10-02,5.55,5.55,5.24,5.32,8154900,0.0,0
2019-10-03,5.3,5.48,5.23,5.42,4346700,0.0,0
2019-10-04,5.43,5.56,5.37,5.55,4213100,0.0,0
2019-10-07,5.48,5.58,5.41,5.49,4154800,0.0,0
2019-10-08,5.43,5.44,5.16,5.23,4823100,0.0,0
2019-10-09,5.25,5.3,4.96,4.99,5809600,0.0,0
2019-10-10,5.02,5.15,4.96,5.05,5228000,0.0,0
2019-10-11,5.14,5.49,5.14,5.37,5909200,0.0,0
2019-10-14,5.32,5.59,5.22,5.58,5273900,0.0,0
2019-10-15,5.6,5.91,5.59,5.61,6350900,0.0,0
2019-10-16,5.58,5.91,5.58,5.88,3868700,0.0,0
2019-10-17,5.89,6.05,5.8,6.03,3606600,0.0,0
2019-10-18,6.03,6.05,5.77,5.94,3197100,0.0,0
2019-10-21,5.98,6.16,5.82,5.93,3611600,0.0,0
2019-10-22,5.93,6.44,5.93,6.39,4174500,0.0,0
2019-10-23,6.33,6.62,6.23,6.43,4071400,0.0,0
2019-10-24,6.5,6.55,6.03,6.42,4268200,0.0,0
2019-10-25,6.32,6.43,6.25,6.35,2645400,0.0,0
2019-10-28,6.38,6.49,6.17,6.19,2854700,0.0,0
2019-10-29,6.21,6.25,5.79,5.81,3918800,0.0,0
2019-10-30,5.76,5.83,5.52,5.73,3739500,0.0,0
2019-10-31,5.63,5.69,5.31,5.44,4358600,0.0,0
2019-11-01,5.45,6.0,5.43,5.84,5210400,0.0,0
2019-11-04,5.9,6.02,5.77,5.85,3670000,0.0,0
2019-11-05,5.88,6.2,5.86,5.91,3374100,0.0,0
2019-11-06,5.9,6.19,5.82,6.09,4128300,0.0,0
2019-11-07,6.18,6.32,6.04,6.22,3129300,0.0,0
2019-11-08,6.17,6.28,6.05,6.09,1968700,0.0,0
2019-11-11,6.05,6.09,5.77,6.02,3109400,0.0,0
2019-11-12,6.03,6.07,5.87,5.92,1834500,0.0,0
2019-11-13,5.91,5.97,5.81,5.94,1533600,0.0,0
2019-11-14,5.95,6.11,5.9,5.98,1708700,0.0,0
2019-11-15,6.0,6.01,5.85,5.88,2165900,0.0,0
2019-11-18,5.85,5.85,5.61,5.62,2995900,0.0,0
2019-11-19,5.57,5.66,5.45,5.5,3360500,0.0,0
2019-11-20,5.54,5.54,5.36,5.46,2666700,0.0,0
2019-11-21,5.46,5.58,5.35,5.5,2784000,0.0,0
2019-11-22,5.59,5.85,5.5,5.66,3493100,0.0,0
2019-11-25,5.67,6.06,5.63,6.03,2744900,0.0,0
2019-11-26,6.03,6.26,6.01,6.1,2648700,0.0,0
2019-11-27,6.1,6.39,6.02,6.35,3030000,0.0,0
2019-11-29,6.33,6.39,6.24,6.34,1369000,0.0,0
2019-12-02,6.35,6.46,6.09,6.17,2060600,0.0,0
2019-12-03,6.04,6.18,5.93,6.12,2214900,0.0,0
2019-12-04,6.17,6.49,6.12,6.43,2872400,0.0,0
2019-12-05,6.32,6.52,6.24,6.4,4381400,0.0,0
2019-12-06,6.39,6.68,6.39,6.68,4757300,0.0,0
2019-12-09,6.65,6.92,6.19,6.33,6250600,0.0,0
2019-12-10,6.29,6.54,6.12,6.51,9594900,0.0,0
2019-12-11,5.25,5.81,5.18,5.53,19517800,0.0,0
2019-12-12,5.46,5.71,5.41,5.58,6387300,0.0,0
2019-12-13,5.47,5.62,5.24,5.45,5439000,0.0,0
2019-12-16,5.39,5.59,5.39,5.5,4406900,0.0,0
2019-12-17,5.5,6.08,5.49,6.06,4141400,0.0,0
2019-12-18,6.06,6.27,5.93,6.16,5264100,0.0,0
2019-12-19,6.21,6.24,6.03,6.06,4452000,0.0,0
2019-12-20,6.06,6.22,5.96,5.99,5484600,0.0,0
2019-12-23,6.05,6.07,5.54,5.61,6282700,0.0,0
2019-12-24,5.65,5.67,5.44,5.44,3395500,0.0,0
2019-12-26,5.47,5.51,5.25,5.4,4264400,0.0,0
2019-12-27,5.42,5.98,5.39,5.9,11041300,0.0,0
2019-12-30,5.88,6.25,5.76,6.13,4482100,0.0,0
2019-12-31,6.08,6.39,5.99,6.08,4322600,0.0,0
2020-01-02,6.14,6.47,6.07,6.31,4453600,0.0,0
2020-01-03,6.21,6.25,5.84,5.88,3543900,0.0,0
2020-01-06,5.8,5.91,5.6,5.85,3394800,0.0,0
2020-01-07,5.77,5.83,5.44,5.52,5228000,0.0,0
2020-01-08,5.49,5.85,5.41,5.72,5629400,0.0,0
2020-01-09,5.82,5.82,5.48,5.55,2643000,0.0,0
2020-01-10,5.56,5.6,5.38,5.43,2781400,0.0,0
2020-01-13,5.43,5.61,5.33,5.43,3625200,0.0,0
2020-01-14,4.78,5.0,4.53,4.71,12561900,0.0,0
2020-01-15,4.66,4.73,4.55,4.61,4981100,0.0,0
2020-01-16,4.61,4.71,4.52,4.62,4287100,0.0,0
2020-01-17,4.58,4.75,4.51,4.75,4019500,0.0,0
2020-01-21,4.75,4.75,4.55,4.59,3532100,0.0,0
2020-01-22,4.55,4.64,4.46,4.56,2627500,0.0,0
2020-01-23,4.55,4.64,4.46,4.62,1880200,0.0,0
2020-01-24,4.64,4.64,4.25,4.32,4163600,0.0,0
2020-01-27,4.2,4.35,4.16,4.28,2122500,0.0,0
2020-01-28,4.3,4.3,4.18,4.21,2144900,0.0,0
2020-01-29,4.22,4.32,4.13,4.13,1552600,0.0,0
2020-01-30,4.1,4.12,3.88,3.93,3006500,0.0,0
2020-01-31,3.91,3.94,3.83,3.84,2891700,0.0,0
2020-02-03,3.88,3.98,3.85,3.95,2025600,0.0,0
2020-02-04,4.03,4.25,3.97,4.07,3563100,0.0,0
2020-02-05,4.15,4.41,4.14,4.18,2641700,0.0,0
2020-02-06,4.2,4.3,4.14,4.14,1510300,0.0,0
2020-02-07,4.11,4.13,3.77,3.81,2742300,0.0,0
2020-02-10,3.85,4.1,3.74,3.94,2777000,0.0,0
2020-02-11,3.98,4.24,3.95,4.02,3415000,0.0,0
2020-02-12,4.13,4.51,4.07,4.19,4820600,0.0,0
2020-02-13,4.12,4.26,4.07,4.11,2081700,0.0,0
2020-02-14,4.11,4.19,4.02,4.02,1582700,0.0,0
2020-02-18,4.01,4.08,3.96,4.06,1467600,0.0,0
2020-02-19,4.06,4.27,3.92,4.15,2593100,0.0,0
2020-02-20,4.16,4.3,4.11,4.14,1562300,0.0,0
2020-02-21,4.12,4.18,3.99,4.04,1695700,0.0,0
2020-02-24,3.9,3.93,3.7,3.7,3566300,0.0,0
2020-02-25,3.77,3.79,3.55,3.56,4447900,0.0,0
2020-02-26,3.58,3.62,3.36,3.39,4724800,0.0,0
2020-02-27,3.23,3.63,3.18,3.47,3879500,0.0,0
2020-02-28,3.34,3.72,3.34,3.6,4692200,0.0,0
2020-03-02,3.6,3.85,3.39,3.83,3208400,0.0,0
2020-03-03,3.88,3.89,3.5,3.63,4282500,0.0,0
2020-03-04,3.71,3.83,3.46,3.77,4257600,0.0,0
2020-03-05,3.7,3.99,3.59,3.96,3599400,0.0,0
2020-03-06,3.84,4.07,3.76,3.92,2096800,0.0,0
2020-03-09,3.59,3.97,3.5,3.7,2732000,0.0,0
2020-03-10,3.94,4.26,3.8,4.23,4863200,0.0,0
2020-03-11,4.14,4.25,4.0,4.14,4414100,0.0,0
2020-03-12,3.7,4.04,3.48,3.98,5123400,0.0,0
2020-03-13,4.13,4.65,3.85,4.59,5787200,0.0,0
2020-03-16,3.93,4.57,3.9,4.37,4866700,0.0,0
2020-03-17,4.4,4.65,4.11,4.23,3562200,0.0,0
2020-03-18,4.1,4.25,3.5,3.77,3651700,0.0,0
2020-03-19,3.71,4.2,3.55,4.19,5039500,0.0,0
2020-03-20,4.08,4.08,3.65,3.76,7722200,0.0,0
2020-03-23,3.58,3.86,3.5,3.81,6009800,0.0,0
2020-03-24,3.95,4.21,3.89,4.16,6805600,0.0,0
2020-03-25,4.15,4.49,4.04,4.17,3592100,0.0,0
2020-03-26,4.24,4.71,4.24,4.41,6185700,0.0,0
2020-03-27,4.94,5.09,4.15,4.22,7024800,0.0,0
2020-03-30,4.22,4.27,3.65,3.65,3350600,0.0,0
2020-03-31,3.63,3.8,3.5,3.5,2300900,0.0,0
2020-04-01,3.45,3.49,3.12,3.25,4568700,0.0,0
2020-04-02,3.26,3.35,2.85,2.85,4064300,0.0,0
2020-04-03,2.85,2.94,2.57,2.8,3830400,0.0,0
2020-04-06,2.86,3.2,2.83,3.09,3340500,0.0,0
2020-04-07,3.39,3.44,3.1,3.27,2836900,0.0,0
2020-04-08,3.23,3.67,3.2,3.41,2884500,0.0,0
2020-04-09,3.6,4.25,3.49,3.89,5908600,0.0,0
2020-04-13,4.25,4.76,4.16,4.74,6844500,0.0,0
2020-04-14,5.21,6.47,5.14,5.95,13506600,0.0,0
2020-04-15,5.66,5.67,4.9,5.27,7499900,0.0,0
2020-04-16,5.12,5.44,4.88,5.03,3371900,0.0,0
2020-04-17,5.22,5.28,4.43,4.88,5653200,0.0,0
2020-04-20,4.85,5.9,4.78,5.61,6085000,0.0,0
2020-04-21,5.23,5.3,4.76,4.78,4142100,0.0,0
2020-04-22,5.14,5.17,4.83,4.89,2677800,0.0,0
2020-04-23,4.75,4.89,4.58,4.7,2265900,0.0,0
2020-04-24,4.78,4.85,4.66,4.77,2236200,0.0,0
2020-04-27,4.85,5.99,4.81,5.82,7275100,0.0,0
2020-04-28,5.92,6.04,5.06,5.64,5200200,0.0,0
2020-04-29,5.83,6.09,5.45,6.04,3369600,0.0,0
2020-04-30,5.87,5.98,5.64,5.73,2173300,0.0,0
2020-05-01,5.65,6.18,5.45,6.05,4005600,0.0,0
2020-05-04,5.84,5.93,5.4,5.48,4068100,0.0,0
2020-05-05,5.55,5.63,5.35,5.39,2105900,0.0,0
2020-05-06,5.4,5.4,4.9,4.93,3369600,0.0,0
2020-05-07,4.83,4.93,4.65,4.87,2500800,0.0,0
2020-05-08,4.88,5.19,4.82,4.98,2352600,0.0,0
2020-05-11,4.92,4.96,4.75,4.76,1699200,0.0,0
2020-05-12,4.78,4.92,4.46,4.54,2639200,0.0,0
2020-05-13,4.54,4.54,4.07,4.21,2882900,0.0,0
2020-05-14,4.15,4.19,3.96,4.13,2004900,0.0,0
2020-05-15,4.05,4.45,4.04,4.22,1940600,0.0,0
2020-05-18,4.4,4.63,4.36,4.58,2364200,0.0,0
2020-05-19,4.58,4.75,4.37,4.44,1840700,0.0,0
2020-05-20,4.5,4.69,4.34,4.43,2543600,0.0,0
2020-05-21,4.45,4.65,4.4,4.44,1971900,0.0,0
2020-05-22,4.46,4.49,4.13,4.18,2379900,0.0,0
2020-05-26,4.34,4.61,4.33,4.42,3545700,0.0,0
2020-05-27,4.57,4.71,4.36,4.69,3146600,0.0,0
2020-05-28,4.75,4.76,4.3,4.33,2183900,0.0,0
2020-05-29,4.33,4.42,4.05,4.06,3961700,0.0,0
2020-06-01,4.12,4.36,4.02,4.13,2611600,0.0,0
2020-06-02,4.27,4.31,4.06,4.18,2369400,0.0,0
2020-06-03,4.24,4.52,4.2,4.44,3037400,0.0,0
2020-06-04,4.44,4.72,4.37,4.47,3514300,0.0,0
2020-06-05,4.29,4.41,4.09,4.14,6274400,0.0,0
2020-06-08,4.28,5.14,4.27,5.01,10133700,0.0,0
2020-06-09,5.0,5.0,4.55,4.96,8073400,0.0,0
2020-06-10,4.78,5.53,4.68,5.07,10606400,0.0,0
2020-06-11,4.64,4.9,4.18,4.37,6236000,0.0,0
2020-06-12,4.6,4.78,4.39,4.72,4378200,0.0,0
2020-06-15,4.5,4.77,4.42,4.69,3909000,0.0,0
2020-06-16,4.95,4.95,4.51,4.64,3121300,0.0,0
2020-06-17,4.54,4.83,4.53,4.76,3593500,0.0,0
2020-06-18,4.67,4.95,4.65,4.95,3423800,0.0,0
2020-06-19,4.95,5.08,4.69,4.88,7366600,0.0,0
2020-06-22,4.79,4.95,4.72,4.87,3178900,0.0,0
2020-06-23,4.95,4.99,4.8,4.83,3205400,0.0,0
2020-06-24,4.83,4.84,4.38,4.41,2976200,0.0,0
2020-06-25,4.33,4.54,4.3,4.46,2450800,0.0,0
2020-06-26,4.48,4.5,4.27,4.35,3801200,0.0,0
2020-06-29,4.35,4.52,4.3,4.38,2131200,0.0,0
2020-06-30,4.33,4.51,4.2,4.34,3889000,0.0,0
2020-07-01,4.31,4.5,4.31,4.44,2303700,0.0,0
2020-07-02,4.49,4.51,4.29,4.29,1887600,0.0,0
2020-07-06,4.31,4.34,4.19,4.24,2140900,0.0,0
2020-07-07,4.2,4.25,4.06,4.09,2456600,0.0,0
2020-07-08,4.1,4.29,4.03,4.26,2052800,0.0,0
2020-07-09,4.27,4.32,4.13,4.21,1992600,0.0,0
2020-07-10,4.2,4.38,4.18,4.34,1410800,0.0,0
2020-07-13,4.35,4.55,4.26,4.26,4216200,0.0,0
2020-07-14,4.22,4.31,4.07,4.08,2261600,0.0,0
2020-07-15,4.13,4.29,4.13,4.19,1474100,0.0,0
2020-07-16,4.19,4.2,4.09,4.17,1330100,0.0,0
2020-07-17,4.16,4.23,3.94,3.96,3065900,0.0,0
2020-07-20,3.95,4.06,3.77,3.85,3401100,0.0,0
2020-07-21,3.9,4.09,3.88,4.01,3337900,0.0,0
2020-07-22,4.02,4.12,3.92,4.11,2523500,0.0,0
2020-07-23,4.09,4.31,4.06,4.11,3237200,0.0,0
2020-07-24,4.06,4.23,4.01,4.03,2215900,0.0,0
2020-07-27,4.02,4.12,3.95,4.01,2472700,0.0,0
2020-07-28,3.96,4.05,3.92,3.94,4555400,0.0,0
2020-07-29,3.94,4.18,3.92,4.06,2879600,0.0,0
2020-07-30,4.0,4.23,3.97,4.1,2398500,0.0,0
2020-07-31,4.06,4.16,3.99,4.01,1879400,0.0,0
2020-08-03,4.03,4.25,4.0,4.15,2517600,0.0,0
2020-08-04,4.13,4.74,4.13,4.43,10361400,0.0,0
2020-08-05,4.5,4.76,4.25,4.63,4919300,0.0,0
2020-08-06,4.6,4.66,4.38,4.43,1901200,0.0,0
2020-08-07,4.39,4.4,4.06,4.16,3341100,0.0,0
2020-08-10,4.2,4.57,4.18,4.33,4561800,0.0,0
2020-08-11,4.43,4.57,4.34,4.35,3138800,0.0,0
2020-08-12,4.4,4.63,4.36,4.52,3057600,0.0,0
2020-08-13,4.52,4.71,4.5,4.64,2128300,0.0,0
2020-08-14,4.6,4.83,4.55,4.75,3474400,0.0,0
2020-08-17,4.78,4.78,4.56,4.63,2371000,0.0,0
2020-08-18,4.61,4.87,4.43,4.81,3834400,0.0,0
2020-08-19,4.8,4.84,4.64,4.72,2612600,0.0,0
2020-08-20,4.62,4.68,4.51,4.61,2441200,0.0,0
2020-08-21,4.6,5.6,4.6,5.03,10642600,0.0,0
2020-08-24,5.1,5.13,4.56,4.87,4585400,0.0,0
2020-08-25,4.88,5.25,4.88,4.98,2998700,0.0,0
2020-08-26,4.97,5.22,4.92,5.11,2779700,0.0,0
2020-08-27,5.11,5.38,5.02,5.25,3384400,0.0,0
2020-08-28,5.3,5.57,5.22,5.39,4236900,0.0,0
2020-08-31,5.77,7.15,5.69,6.68,37976000,0.0,0
2020-09-01,7.3,7.82,6.77,7.65,23158600,0.0,0
2020-09-02,7.8,8.05,7.11,7.71,13011100,0.0,0
2020-09-03,7.88,8.45,7.24,7.82,14344500,0.0,0
2020-09-04,7.78,7.92,7.17,7.65,7662000,0.0,0
2020-09-08,7.55,8.28,7.48,7.7,9816600,0.0,0
2020-09-09,7.96,7.99,7.31,7.35,9068100,0.0,0
2020-09-10,6.65,6.95,6.19,6.23,15558300,0.0,0
2020-09-11,6.26,6.33,5.87,6.09,6061200,0.0,0
2020-09-14,6.8,7.0,6.43,6.91,10119000,0.0,0
2020-09-15,6.86,7.26,6.69,7.09,5743500,0.0,0
2020-09-16,7.03,9.04,7.03,8.68,19256300,0.0,0
2020-09-17,8.57,9.77,8.41,9.2,17026700,0.0,0
2020-09-18,9.2,9.77,8.91,9.47,17407500,0.0,0
2020-09-21,9.35,9.6,8.38,8.75,7639800,0.0,0
2020-09-22,10.45,11.17,9.9,10.56,34752500,0.0,0
2020-09-23,10.6,10.86,9.92,10.04,10651200,0.0,0
2020-09-24,9.71,9.81,9.01,9.14,7938800,0.0,0
2020-09-25,9.19,10.18,9.1,10.02,7515200,0.0,0
2020-09-28,10.16,10.26,9.55,10.09,6764300,0.0,0
2020-09-29,10.0,10.65,9.93,10.35,5237600,0.0,0
2020-09-30,10.25,10.76,10.06,10.2,6079000,0.0,0
2020-10-01,10.09,10.25,9.69,9.77,4554100,0.0,0
2020-10-02,9.38,9.78,9.3,9.39,4340500,0.0,0
2020-10-05,9.44,9.59,9.25,9.46,2805000,0.0,0
2020-10-06,9.56,9.84,9.1,9.13,4535400,0.0,0
2020-10-07,9.23,9.56,9.17,9.36,3308600,0.0,0
2020-10-08,9.54,13.64,9.19,13.49,76453600,0.0,0
2020-10-09,12.83,14.8,11.9,12.02,77152800,0.0,0
2020-10-12,11.66,12.77,11.4,11.8,23655700,0.0,0
2020-10-13,11.73,12.42,11.65,11.88,10179700,0.0,0
2020-10-14,12.67,12.68,12.05,12.25,10761400,0.0,0
2020-10-15,11.99,15.1,11.99,13.83,39894800,0.0,0
2020-10-16,13.77,13.9,13.08,13.31,11651600,0.0,0
2020-10-19,13.44,14.5,13.38,13.91,13169100,0.0,0
2020-10-20,14.03,14.14,13.67,13.86,6604000,0.0,0
2020-10-21,13.9,14.42,13.8,14.1,5361900,0.0,0
2020-10-22,14.2,15.87,14.19,14.91,16212200,0.0,0
2020-10-23,15.05,15.38,14.55,15.0,6507300,0.0,0
2020-10-26,14.93,15.45,13.26,13.45,13376300,0.0,0
2020-10-27,13.71,13.71,12.36,12.69,7231000,0.0,0
2020-10-28,12.27,13.05,11.78,11.82,6388600,0.0,0
2020-10-29,11.88,12.25,11.68,11.73,4165800,0.0,0
2020-10-30,11.64,11.64,10.36,10.47,11546900,0.0,0
2020-11-02,10.82,11.09,10.5,10.75,5227000,0.0,0
2020-11-03,10.75,11.86,10.63,11.57,7454500,0.0,0
2020-11-04,11.76,11.77,10.61,10.91,5807900,0.0,0
2020-11-05,11.27,11.84,11.06,11.45,4705200,0.0,0
2020-11-06,11.52,12.17,11.32,11.86,5518200,0.0,0
2020-11-09,12.76,12.93,11.25,11.49,6244900,0.0,0
2020-11-10,11.5,11.66,10.83,11.1,3826000,0.0,0
2020-11-11,11.5,11.95,11.21,11.75,4882600,0.0,0
2020-11-12,11.74,11.87,10.97,11.13,4353300,0.0,0
2020-11-13,11.36,11.55,11.0,11.01,3535900,0.0,0
2020-11-16,11.16,12.66,10.72,12.06,9774800,0.0,0
2020-11-17,11.65,11.92,11.23,11.63,6678200,0.0,0
2020-11-18,11.8,12.04,11.56,11.57,3169200,0.0,0
2020-11-19,11.6,12.79,11.45,12.46,11787600,0.0,0
2020-11-20,12.55,13.46,12.54,12.71,8395400,0.0,0
2020-11-23,12.9,14.12,12.67,13.9,9599100,0.0,0
2020-11-24,14.23,14.26,13.3,13.67,7183200,0.0,0
2020-11-25,13.6,15.25,13.42,14.75,8860100,0.0,0
2020-11-27,15.29,16.74,14.88,16.08,12504200,0.0,0
2020-11-30,18.17,19.42,16.56,16.56,31983500,0.0,0
2020-12-01,17.11,17.4,15.76,15.8,12653900,0.0,0
2020-12-02,15.7,16.68,15.38,16.58,7883400,0.0,0
2020-12-03,16.48,16.64,15.87,16.12,6295000,0.0,0
2020-12-04,16.3,17.29,16.26,16.9,8972700,0.0,0
2020-12-07,17.0,17.5,16.22,16.35,7386300,0.0,0
2020-12-08,16.37,17.21,15.93,16.94,16120200,0.0,0
2020-12-09,13.92,14.73,13.23,13.66,24357900,0.0,0
2020-12-10,13.12,14.41,13.05,14.12,7558900,0.0,0
2020-12-11,13.91,14.0,13.02,13.31,7496900,0.0,0
2020-12-14,13.34,13.43,12.14,12.72,10007100,0.0,0
2020-12-15,12.78,14.02,12.48,13.85,8189800,0.0,0
2020-12-16,13.96,14.31,13.58,13.85,5865100,0.0,0
2020-12-17,13.96,14.98,13.59,14.83,8194900,0.0,0
2020-12-18,15.78,16.3,15.18,15.63,16618800,0.0,0
2020-12-21,15.81,16.35,15.28,15.53,9876100,0.0,0
2020-12-22,16.22,20.04,16.15,19.46,30652700,0.0,0
2020-12-23,20.17,22.35,19.13,20.57,25830300,0.0,0
2020-12-24,21.01,21.48,19.95,20.15,6262200,0.0,0
2020-12-28,21.31,21.97,20.35,20.99,8965900,0.0,0
2020-12-29,20.82,21.07,18.56,19.38,9241400,0.0,0
2020-12-30,19.38,20.0,18.85,19.26,5934400,0.0,0
2020-12-31,19.25,19.8,18.8,18.84,6922700,0.0,0
2021-01-04,19.0,19.1,17.15,17.25,10022500,0.0,0
2021-01-05,17.35,18.08,17.23,17.37,4961500,0.0,0
2021-01-06,17.34,18.98,17.33,18.36,6056200,0.0,0
2021-01-07,18.47,19.45,18.02,18.08,6129300,0.0,0
2021-01-08,18.18,18.3,17.08,17.69,6482000,0.0,0
2021-01-11,19.41,20.65,19.01,19.94,14908000,0.0,0
2021-01-12,19.96,20.4,19.32,19.95,7060700,0.0,0
2021-01-13,20.42,38.65,20.03,31.4,144501700,0.0,0
2021-01-14,38.09,43.06,33.05,39.91,93717400,0.0,0
2021-01-15,38.49,40.75,34.01,35.5,46866400,0.0,0
2021-01-19,41.55,45.52,36.64,39.36,74721900,0.0,0
2021-01-20,37.37,41.19,36.06,39.12,33471800,0.0,0
2021-01-21,39.23,44.75,37.0,43.03,56216900,0.0,0
2021-01-22,42.59,76.76,42.32,65.01,197157900,0.0,0
2021-01-25,96.73,159.18,61.13,76.79,177874000,0.0,0
2021-01-26,88.56,150.0,80.2,147.98,178588000,0.0,0
2021-01-27,354.83,380.0,249.0,347.51,93396700,0.0,0
2021-01-28,265.0,483.0,112.25,193.6,58815800,0.0,0
2021-01-29,379.71,413.98,250.0,325.0,50566100,0.0,0
2021-02-01,316.56,322.0,212.0,225.0,37382200,0.0,0
2021-02-02,140.76,158.0,74.22,90.0,78183100,0.0,0
2021-02-03,112.01,113.4,85.25,92.41,42698500,0.0,0
2021-02-04,91.19,91.5,53.33,53.5,62427300,0.0,0
2021-02-05,54.04,95.0,51.09,63.77,81345000,0.0,0
2021-02-08,72.41,72.66,58.02,60.0,25687300,0.0,0
2021-02-09,56.61,57.0,46.52,50.31,26843100,0.0,0
2021-02-10,50.77,62.83,46.55,51.2,36455000,0.0,0
2021-02-11,50.01,55.32,48.22,51.1,13056700,0.0,0
2021-02-12,50.75,55.24,48.05,52.4,14573300,0.0,0
2021-02-16,52.66,53.5,49.04,49.51,8175000,0.0,0
2021-02-17,49.77,51.19,44.56,45.94,9186800,0.0,0
2021-02-18,48.49,48.87,40.65,40.69,23990600,0.0,0
2021-02-19,41.28,43.89,38.5,40.59,14828200,0.0,0
2021-02-22,46.69,48.51,42.4,46.0,19476000,0.0,0
2021-02-23,44.97,46.23,40.0,44.97,7565200,0.0,0
2021-02-24,44.7,91.71,44.7,91.71,83111700,0.0,0
2021-02-25,169.56,184.68,101.0,108.73,150308800,0.0,0
2021-02-26,117.46,142.9,86.0,101.74,92194200,0.0,0
2021-03-01,104.54,133.99,99.97,120.4,49794000,0.0,0
2021-03-02,116.93,133.2,112.2,118.18,33783000,0.0,0
2021-03-03,122.51,127.75,113.12,124.18,19273900,0.0,0
2021-03-04,125.0,147.87,115.3,132.35,32606900,0.0,0
2021-03-05,128.17,151.53,127.5,137.74,30733700,0.0,0
2021-03-08,154.89,210.87,146.1,194.5,63565600,0.0,0
2021-03-09,217.71,249.85,208.51,246.9,39099300,0.0,0
2021-03-10,269.43,348.5,172.0,265.0,71570600,0.0,0
2021-03-11,241.64,281.5,232.6,260.0,28312500,0.0,0
2021-03-12,275.0,295.5,262.27,264.5,25845900,0.0,0
2021-03-15,277.52,283.0,206.0,220.14,24100400,0.0,0
2021-03-16,203.16,220.7,172.35,208.17,35422900,0.0,0
2021-03-17,217.84,231.47,204.0,209.81,16481600,0.0,0
2021-03-18,214.0,218.88,195.65,201.75,11764900,0.0,0
2021-03-19,195.73,227.0,182.66,200.27,24677300,0.0,0
2021-03-22,205.26,210.36,186.2,194.49,10061500,0.0,0
2021-03-23,197.5,201.75,177.55,181.75,14429100,0.0,0
2021-03-24,157.98,166.97,118.62,120.34,24177900,0.0,0
2021-03-25,123.49,187.5,116.9,183.75,50962300,0.0,0
2021-03-26,197.68,218.93,163.26,181.0,37430700,0.0,0
2021-03-29,180.75,193.92,173.51,181.3,10042200,0.0,0
2021-03-30,187.5,204.3,182.0,194.46,17094900,0.0,0
2021-03-31,197.5,199.46,187.11,189.82,8393800,0.0,0
2021-04-01,193.36,196.97,183.6,191.45,9334300,0.0,0
2021-04-05,171.0,195.0,164.81,186.95,14070500,0.0,0
2021-04-06,185.21,192.0,183.56,184.5,6218300,0.0,0
2021-04-07,183.22,184.5,176.11,177.97,4768300,0.0,0
2021-04-08,185.88,185.88,164.3,170.26,10047400,0.0,0
2021-04-09,169.7,171.58,153.0,158.36,9462400,0.0,0
2021-04-12,158.11,163.9,135.01,141.09,16683600,0.0,0
2021-04-13,141.88,145.38,132.0,140.99,6806900,0.0,0
2021-04-14,143.57,174.09,143.0,166.53,21138100,0.0,0
2021-04-15,163.0,166.25,152.8,156.44,7856800,0.0,0
2021-04-16,156.0,160.2,151.25,154.69,5214700,0.0,0
2021-04-19,171.8,175.2,162.33,164.37,10520200,0.0,0
2021-04-20,164.14,164.89,153.36,158.53,4658600,0.0,0
2021-04-21,158.4,162.98,155.92,158.51,3812800,0.0,0
2021-04-22,159.1,159.1,146.86,151.17,4345800,0.0,0
2021-04-23,149.0,153.66,144.7,151.18,4029100,0.0,0
2021-04-26,150.98,174.68,148.76,168.93,10532100,0.0,0
2021-04-27,183.55,188.0,173.17,177.77,8932700,0.0,0
2021-04-28,172.1,181.98,166.03,178.58,5788900,0.0,0
2021-04-29,176.56,180.86,170.75,176.19,3760300,0.0,0
2021-04-30,175.0,183.8,172.7,173.59,4433600,0.0,0
2021-05-03,177.49,177.49,159.61,162.2,5261000,0.0,0
2021-05-04,159.0,161.49,151.8,160.73,4007500,0.0,0
2021-05-05,161.83,165.5,158.33,159.48,2805400,0.0,0
2021-05-06,160.86,164.72,155.6,161.01,2942800,0.0,0
2021-05-07,160.11,167.41,157.5,161.11,2934600,0.0,0
2021-05-10,161.31,161.59,143.0,143.22,4806700,0.0,0
2021-05-11,137.0,150.5,136.5,146.92,4684600,0.0,0
2021-05-12,145.7,150.5,142.23,144.79,2731500,0.0,0
2021-05-13,147.44,169.95,146.43,164.5,8873500,0.0,0
2021-05-14,160.0,166.47,156.22,159.92,4293500,0.0,0
2021-05-17,159.85,182.5,159.0,180.6,7462100,0.0,0
2021-05-18,174.54,189.2,168.27,180.67,7738700,0.0,0
2021-05-19,171.99,178.98,164.15,168.83,4825900,0.0,0
2021-05-20,170.79,174.91,166.9,170.49,2478200,0.0,0
2021-05-21,171.0,179.24,170.33,176.79,3654700,0.0,0
2021-05-24,175.85,188.46,173.35,180.01,4664300,0.0,0
2021-05-25,181.0,217.11,181.0,209.43,14887500,0.0,0
2021-05-26,229.0,248.48,225.55,242.56,21119900,0.0,0
2021-05-27,229.8,264.0,227.0,254.13,15526300,0.0,0
2021-05-28,262.97,268.8,221.43,222.0,11751400,0.0,0
2021-06-01,233.48,254.98,227.07,249.02,9625600,0.0,0
2021-06-02,248.88,294.0,244.3,282.24,16019200,0.0,0
2021-06-03,265.71,274.43,242.12,258.18,8000000,0.0,0
2021-06-04,256.02,265.0,245.77,248.36,3637500,0.0,0
2021-06-07,258.0,282.0,255.2,280.01,6051500,0.0,0
2021-06-08,292.0,344.66,281.0,300.0,17439100,0.0,0
2021-06-09,303.12,328.0,291.51,302.56,13429300,0.0,0
2021-06-10,282.0,288.0,211.0,220.39,22980200,0.0,0
2021-06-11,222.35,241.13,206.13,233.34,15580800,0.0,0
2021-06-14,236.5,238.01,219.2,229.44,7132600,0.0,0
2021-06-15,226.36,229.25,208.0,222.5,7301900,0.0,0
2021-06-16,215.24,228.73,209.0,222.97,5564800,0.0,0
2021-06-17,224.0,233.66,221.48,223.59,4608600,0.0,0
2021-06-18,220.18,223.49,213.0,213.82,4320300,0.0,0
2021-06-21,216.95,218.4,197.0,200.37,5120200,0.0,0
2021-06-22,217.73,225.88,209.17,220.4,8200200,0.0,0
2021-06-23,221.45,222.57,214.12,219.34,3555100,0.0,0
2021-06-24,221.16,227.45,211.6,212.31,3863300,0.0,0
2021-06-25,214.0,214.2,198.5,209.51,12692700,0.0,0
2021-06-28,211.25,224.45,210.2,213.25,4879400,0.0,0
2021-06-29,213.59,215.22,208.01,210.88,2480000,0.0,0
2021-06-30,209.69,215.28,206.94,214.14,2539600,0.0,0
2021-07-01,213.4,216.83,202.0,204.36,2742100,0.0,0
2021-07-02,204.8,205.45,196.5,202.83,2599100,0.0,0
2021-07-06,204.0,204.77,193.71,199.56,2768100,0.0,0
2021-07-07,196.0,197.5,177.56,190.66,4239500,0.0,0
2021-07-08,179.83,194.22,179.5,191.38,2857500,0.0,0
2021-07-09,190.88,194.78,186.75,191.23,1582900,0.0,0
2021-07-12,191.42,197.75,187.42,189.25,1636300,0.0,0
2021-07-13,187.68,188.79,179.0,180.06,2397900,0.0,0
2021-07-14,180.49,182.38,165.07,167.62,3913800,0.0,0
2021-07-15,160.0,171.99,158.01,166.82,4298600,0.0,0
2021-07-16,170.15,179.47,166.3,169.04,3287900,0.0,0
2021-07-19,163.3,176.0,161.22,173.49,2436900,0.0,0
2021-07-20,173.9,193.64,172.42,191.18,3101100,0.0,0
2021-07-21,187.79,195.51,182.11,185.81,2229200,0.0,0
2021-07-22,185.3,187.69,176.15,178.85,1413000,0.0,0
2021-07-23,181.0,181.6,173.84,180.36,1316200,0.0,0
2021-07-26,180.36,186.04,178.76,183.94,1260600,0.0,0
2021-07-27,183.0,185.0,176.66,178.54,1214800,0.0,0
2021-07-28,175.72,177.12,164.27,169.12,4100800,0.0,0
2021-07-29,170.6,173.89,164.51,164.86,2240000,0.0,0
2021-07-30,165.0,167.22,158.87,161.12,2373500,0.0,0
2021-08-02,162.0,163.59,155.06,157.65,2532900,0.0,0
2021-08-03,156.74,158.89,148.2,152.75,14450600,0.0,0
2021-08-04,152.73,157.79,145.69,146.8,2393500,0.0,0
2021-08-05,148.0,157.6,145.22,153.44,2412100,0.0,0
2021-08-06,154.59,156.5,150.31,151.77,1348100,0.0,0
2021-08-09,151.8,164.71,150.66,161.13,2249200,0.0,0
2021-08-10,161.36,166.9,155.35,159.05,1623300,0.0,0
2021-08-11,158.43,159.05,154.62,158.78,945400,0.0,0
2021-08-12,159.88,164.28,157.33,162.35,1317800,0.0,0
2021-08-13,160.47,163.55,157.41,162.52,1012700,0.0,0
2021-08-16,161.0,169.88,159.16,163.93,1572600,0.0,0
2021-08-17,161.19,169.48,161.1,163.55,1215900,0.0,0
2021-08-18,163.25,165.6,156.75,157.05,1411800,0.0,0
2021-08-19,156.77,157.99,150.78,152.9,1196500,0.0,0
2021-08-20,153.8,160.09,153.24,159.3,1151700,0.0,0
2021-08-23,162.38,167.29,159.55,164.89,1343000,0.0,0
2021-08-24,166.29,225.0,165.15,210.29,14652200,0.0,0
2021-08-25,206.65,227.0,193.0,199.65,12861100,0.0,0
2021-08-26,200.68,217.0,199.0,205.22,6238600,0.0,0
2021-08-27,207.7,213.0,200.02,204.95,3224900,0.0,0
2021-08-30,205.0,218.19,203.02,209.2,3309600,0.0,0
2021-08-31,212.7,222.3,211.46,218.24,3574700,0.0,0
2021-09-01,224.0,231.44,208.02,212.97,4453800,0.0,0
2021-09-02,213.86,214.8,206.3,213.52,1852000,0.0,0
2021-09-03,212.05,216.27,198.84,202.75,2658600,0.0,0
2021-09-07,206.25,209.9,196.1,199.0,2496300,0.0,0
2021-09-08,201.86,206.88,190.68,198.8,5173600,0.0,0
2021-09-09,180.09,202.0,178.0,199.18,7511500,0.0,0
2021-09-10,198.41,202.16,190.0,190.41,3037000,0.0,0
2021-09-13,193.75,208.88,191.5,203.4,4334100,0.0,0
2021-09-14,200.65,204.62,195.0,199.24,2141600,0.0,0
2021-09-15,197.0,204.87,193.75,204.52,2310400,0.0,0
2021-09-16,202.33,216.55,201.15,206.37,3058200,0.0,0
2021-09-17,208.02,212.49,200.78,204.97,3945900,0.0,0
2021-09-20,200.0,202.85,184.55,192.2,3941800,0.0,0
2021-09-21,199.36,199.36,186.0,189.95,2633800,0.0,0
2021-09-22,189.64,193.5,186.29,190.14,2256600,0.0,0
2021-09-23,192.33,195.75,190.6,191.24,1682300,0.0,0
2021-09-24,191.0,191.72,184.11,185.16,1685800,0.0,0
2021-09-27,185.92,192.05,185.87,189.48,1470100,0.0,0
2021-09-28,188.0,190.81,178.0,178.6,1770500,0.0,0
2021-09-29,180.09,184.48,174.61,175.92,1899900,0.0,0
2021-09-30,175.0,185.45,166.79,175.47,3170700,0.0,0
2021-10-01,179.4,179.49,172.25,176.91,1551100,0.0,0
2021-10-04,175.95,176.95,170.77,171.36,1195700,0.0,0
2021-10-05,171.19,173.17,166.7,172.18,1315900,0.0,0
2021-10-06,170.06,172.96,165.81,171.07,1200300,0.0,0
2021-10-07,172.0,175.2,170.54,172.12,1159300,0.0,0
2021-10-08,172.5,175.72,171.12,172.68,817000,0.0,0
2021-10-11,173.0,188.49,173.0,178.1,2684900,0.0,0
2021-10-12,180.5,181.78,173.8,175.82,1233700,0.0,0
2021-10-13,178.3,188.21,176.0,184.06,1927900,0.0,0
2021-10-14,183.76,190.2,182.6,183.83,1673900,0.0,0
2021-10-15,184.0,186.98,180.88,183.28,1197700,0.0,0
2021-10-18,182.94,189.87,182.55,186.02,1589600,0.0,0
2021-10-19,188.99,192.18,184.4,186.79,2070600,0.0,0
2021-10-20,186.33,188.0,181.98,184.52,2276900,0.0,0
2021-10-21,184.71,190.7,180.6,181.71,2402400,0.0,0
2021-10-22,178.1,179.49,167.8,169.8,2800400,0.0,0
2021-10-25,169.42,174.8,167.26,173.97,1442800,0.0,0
2021-10-26,173.36,185.0,172.5,177.84,2176700,0.0,0
2021-10-27,180.0,183.09,172.33,173.51,1107000,0.0,0
2021-10-28,175.16,183.14,175.0,182.85,1696200,0.0,0
2021-10-29,182.81,185.75,178.0,183.51,2289600,0.0,0
2021-11-01,182.53,208.57,182.05,200.09,4944200,0.0,0
2021-11-02,199.35,211.94,191.69,206.99,3882300,0.0,0
2021-11-03,214.0,255.69,208.25,218.33,11265600,0.0,0
2021-11-04,222.0,228.97,211.55,217.84,2908000,0.0,0
2021-11-05,220.64,221.0,209.01,213.25,1809100,0.0,0
2021-11-08,212.5,225.04,212.01,218.64,2157900,0.0,0
2021-11-09,222.0,223.49,204.44,206.6,1845300,0.0,0
2021-11-10,202.12,207.39,196.5,199.19,1309400,0.0,0
2021-11-11,200.0,208.09,198.15,204.32,1079400,0.0,0
2021-11-12,202.14,205.36,197.88,202.1,926700,0.0,0
2021-11-15,203.86,211.5,201.69,209.14,1466400,0.0,0
2021-11-16,209.02,212.57,203.63,207.18,1214600,0.0,0
2021-11-17,206.3,217.7,206.0,210.0,1352700,0.0,0
2021-11-18,210.25,215.14,207.5,210.12,1004400,0.0,0
2021-11-19,209.14,229.39,208.25,228.8,3034200,0.0,0
2021-11-22,230.46,249.64,229.75,247.55,4371400,0.0,0
2021-11-23,243.84,252.2,212.56,213.9,3345200,0.0,0
2021-11-24,217.25,223.99,208.0,211.78,1309400,0.0,0
2021-11-26,208.08,211.73,199.2,199.72,1235300,0.0,0
2021-11-29,204.0,207.91,200.94,202.01,1108800,0.0,0
2021-11-30,200.1,203.95,188.0,196.21,1723900,0.0,0
2021-12-01,199.4,200.11,177.01,179.84,2351500,0.0,0
2021-12-02,185.0,187.43,173.07,181.56,2087100,0.0,0
2021-12-03,181.0,183.93,159.05,172.39,4092900,0.0,0
